-- INSTITUTO NACIONAL DE APRENDIZAJE
-- PROGRAMADOR DE APLICACIONES
-- MÓDULO: GESTIÓN DE BASES DE DATOS
-- PROFESOR: LUIS CHACÓN ZUÑIGA
-- ESTUDIANTE: EDDY CAMPOS JIMÉNEZ
-- PROYECTO BASE DE DATOS MATRICULA
-- FECHA CREACIÓN: 4 FEB 2023
-- ULTIMA ACTUALIZACION: 5 FEB 2023
----------------------------------------------------------------------------------------
--USA LA BASE DE DATOS
USE EDDY_PROYECTOBD_FASE2
GO
----------------------------------------------------------------------------------------
--INSERTA DATOS EN ESTUDIANTES
INSERT INTO ESTUDIANTES(ID_ESTUDIANTE, CARNET, NOMBRE, APELLIDO_01, APELLIDO_02, NUM_CEDULA, F_NACIMIENTO, PAIS, PROVINCIA, CANTON, DISTRITO, DIRECCION_EXACTA, ESTADO_CIVIL, NUM_TELEFONO, EMAIL, F_INGRESO, ESTADO, BORRADO_E)
	VALUES('JPM0765', 'B02-0756', 'JUAN', 'PEREZ', 'MORA', '2002980756', '20010514', 'COSTA RICA', 'ALAJUELA', 'PALMARES', 'CANDELARIA','200 NORTE IGLESIA', 'SOLTERO', '83372670', 'juancapemo@gmail.com', '20230215', 'ACT', 0),
		  ('MCA0123', 'B01-0123', 'MARIA', 'CAMPOS', 'AGUILAR', '204560123', '20021004', 'COSTA RICA', 'ALAJUELA', 'SAN RAMON', 'CONCEPCION', 'CONTINUO AL BAR', 'CASADO', '85060513', 'mariaaguilar@gmail.com', '20230312', 'ACT', 0),
		  ('AML0980', 'B03-0980', 'ANTHONY', 'MOYA', 'LOPEZ', '105670980', '20030104', 'COSTA RICA', 'SAN JOSE', 'ESCAZU', 'SAN RAFAEL', 'FRENTE AL PARQUE', 'SOLTERO', '88381489', 'lopezanthony@gmail.com', '20230502', 'ACT', 0),
		  ('CSC0300', 'B03-0300', 'CARLOS', 'SALAZAR', 'CHACON', '209000300', '20031204', 'COSTA RICA', 'ALAJUELA', 'NARANJO', 'CIRRI', 'CONTINUO AL SUPERMERCADO', 'SOLTERO', '89047869', 'chacarlos@hotmail.com', '20230223', 'ACT', 0),
		  ('SAA0234', 'A95-0234', 'SOFIA', 'ALVAREZ', 'ALVAREZ', '105670234', '19951130', 'COSTA RICA', 'SAN JOSE', 'DESAMPARADOS', 'SAN ANTONIO', 'DETRAS DE LA IGLESIA', 'CASADO', '88993344', 'sofiaalal@gmail.com', '20230212', 'ACT', 0),
		  ('NFE0890', 'A96-0890', 'NICOLE', 'FALLAS', 'ELIZONDO', '103450890', '19960125', 'COSTA RICA', 'SAN JOSE', 'TARRAZU', 'SAN MARCOS', '450 NORTE DE LA PLAZA', 'VIUDO', '90765431', 'nicoleelizondo@gmail.com', '20230228', 'ACT', 0),
		  ('KGH0321', 'A99-0321', 'KATHERIN', 'GRANADOS', 'HERNANDEZ', '208000321', '19991125', 'COSTA RICA', 'ALAJUELA', 'SAN RAMON', 'SAN JUAN', '50O SUR DE LA ESCUELA', 'SOLTERO', '89065321', 'katherinherna@gmail.com', '20231008', 'INA', 0),
		  ('PHV0812', 'B00-0812', 'PEDRO', 'HERRERA', 'VARGAS', '206540812', '20001105', 'COSTA RICA', 'ALAJUELA', 'GRECIA', 'TACARES', 'COSTADO ESTE DEL GIMNASIO', 'SOLTERO', '78903456', 'pedrovargas@gmail.com', '20231123', 'INA', 0),
		  ('CQB0607', 'B03-0607', 'CARMEN', 'QUESADA', 'BASTOS', '204560987', '20030607', 'COSTA RICA', 'ALAJUELA', 'SAN CARLOS', 'LA TIGRA', 'FRENTE A LA TERMINAL DE BUSES', 'SOLTERO', '70004569', 'carmenbastos@gmail.com', '20230601', 'ACT', 0),
		  ('APM0754', 'A93-0754', 'ANDRES', 'PEREZ', 'MENDEZ', '104000754', '19931220', 'COSTA RICA', 'SAN JOSE', 'TIBAS', 'COLIMA', 'FRENTE A LA IGLESIA', 'CASADO', '87809123', 'mendezandres@gmail.com', '20230801', 'INA', 0);

SELECT * FROM ESTUDIANTES

----------------------------------------------------------------------------------------
--INSERTA DATOS EN EMPLEADOS
INSERT INTO EMPLEADOS (ID_EMPLEADO, CARNET, NOMBRE, APELLIDO_01, APELLIDO_02, NUM_CEDULA, F_NACIMIENTO, PAIS, PROVINCIA, CANTON, DISTRITO, DIRECCION_EXACTA, ESTADO_CIVIL, NUM_TELEFONO, EMAIL, ESTADO, BORRADO_EM)
	VALUES('E0-HSL489', '0A-489-U', 'HUMBERTO', 'SALAS', 'LEDEZMA', '207650489', '19700523', 'COSTA RICA', 'ALAJUELA', 'SAN RAMON', 'SAN JUAN', '300 NORTE PARQUE', 'VIUDO', '88345690', 'unihumbsalas@gmail.com', 'INA', 0),
		  ('E0-ABP555', '0T-555-U', 'ANTONIO', 'BARRANTES', 'PEREZ', '208880555', '19890101', 'COSTA RICA', 'ALAJUELA', 'NARANJO', 'SAN MIGUEL', 'FRENTE AL PARQUEO', 'CASADO', '86589431', 'uniantbarr@gmail.com', 'ACT', 0),
		  ('E0-CMC234', '05-234-U', 'CARMEN', 'MENDEZ', 'CAMPOS', '10440234', '19811204', 'COSTA RICA', 'SAN JOSE', 'ESCAZU', 'SAN RAFAEL', 'DETRAS DE LA IGLESIA', 'CASADO', '89865780', 'unicarcampos@gmail.com', 'ACT', 0),
		  ('E0-MAA399', '0P-399-U', 'MARTA', 'ARIAS', 'ARAYA', '201110399', '19891010', 'COSTA RICA', 'ALAJUELA', 'PALMARES', 'SARAGOZA', 'CONTINUO AL COLEGIO', 'SOLTERO', '87002310', 'unimararar@gmail.com', 'ACT', 0),
		  ('E0-JVQ234', '0Q-234-U', 'JOSE', 'VARGAS', 'QUESADA', '205550541', '19870128', 'COSTA RICA', 'ALAJUELA', 'OROTINA', 'OROTINA', '350 SUR DEL PARQUE', 'CASADO', '90832145', 'unijosvaque@gmail.com', 'INA', 0),		  
		  ('E0-KMZ222', '0R-222-U', 'KARINA', 'MENDOZA', 'ZAMORA', '109990222', '20000303', 'COSTA RICA', 'SAN JOSE', 'ESCAZU', 'SAN RAFAEL', 'DETRAS DEL MERCADO', 'CASADO', '67548932', 'unikarmenza@gmail.com', 'ACT', 0),
		  ('E0-FFF222', '0Y-222-U', 'FERNANDO', 'FALLAS', 'FALLAS', '207770222', '19991215', 'COSTA RICA', 'ALAJUELA', 'ATENAS', 'JESUS', 'FRENTE AL MALL', 'SOLTERO', '90745612', 'uniferfafa@gmail.com', 'ACT', 0),
		  ('E0-PVL293', '01-293-U', 'PABLO', 'VILLALOBOS', 'LOPEZ', '208500293', '19891104', 'COSTA RICA', 'ALAJUELA', 'SAN RAMON', 'SAN RAMON', 'COSTADO DE LA IGLESIA', 'SOLTERO', '90874563', 'unipabvilo@gmail.com', 'ACT', 0),
		  ('E0-LHC666', '00-666-U', 'LUIS', 'HERNANDEZ', 'CARRILLO', '206660666', '20010104', 'COSTA RICA', 'ALAJUELA', 'SAN RAMON', 'LOS ANGELES', 'DETRAS DE LA PLAZA', 'SOLTERO', '87654321', 'uniluisherca@gmail.com', 'INA', 0),
		  ('E0-YJG443', '00-443-U', 'YORLENE', 'JIMENEZ', 'GRANADOS', '207770443', '19850328', 'COSTA RICA', 'ALAJUELA', 'SAN RAMON', 'VOLIO', 'FRENTE AL SUPER', 'VIUDO', '95432190', 'uniyorjigra@gmail.com', 'INA', 0);

SELECT * FROM EMPLEADOS

----------------------------------------------------------------------------------------
--INSERTA DATOS EN PROFESORES
INSERT INTO PROFESORES(ID_PROFESOR, ID_EMPLEADO, GRADO, NOMBRE_INSTITUCION, DETALLES, BORRADO_P)
	VALUES('PRO-JVQ34', 'E0-JVQ234', 'LICENCIATURA', 'UCR', 'SIN DETALLES', 0),
		  ('PRO-YJG43', 'E0-YJG443', 'BACHILLERATO', 'UCR', 'SIN DETALLES', 0),
		  ('PRO-LHC66', 'E0-LHC666', 'MAESTRÍA', 'UCR', 'SIN DETALLES', 0),
		  ('PRO-HSL89', 'E0-HSL489', 'BACHILLERATO', 'UNA', 'SIN DETALLES', 0),
		  ('PRO-MAA99', 'E0-MAA399', 'LICENCIATURA', 'UCR', 'SIN DETALLES', 0),
		  ('PRO-KMZ22', 'E0-KMZ222', 'BACHILLERATO', 'UNA', 'SIN DETALLES', 0),
		  ('PRO-PVL93', 'E0-PVL293', 'MAESTRÍA', 'UCR', 'SIN DETALLES', 0),
		  ('PRO-CMC34', 'E0-CMC234', 'DIPLOMADO', 'UNA', 'SIN DETALLES', 0),
		  ('PRO-ABP55', 'E0-ABP555', 'LICENCIATURA', 'UNA', 'SIN DETALLES', 0),
		  ('PRO-FFF22', 'E0-FFF222', 'BACHILLERATO', 'UCR', 'SIN DETALLES', 0);

SELECT * FROM PROFESORES

----------------------------------------------------------------------------------------
--INSERTA DATOS EN CERTIFICACIONES
INSERT INTO CERTIFICACIONES(ID_CERTIFICADO, NOMBRE_CERTIFICADO, NUM_FOLIO, FECHA_EXPEDICION)
	VALUES('S9873', 'LICENCIADO EN SISTEMAS', '234', '20050508'),
		  ('P4562', 'PROGRAMADOR DE APLICACIONES', '897', '20091112'),
		  ('B3459', 'MASTER EN BASES DE DATOS', '043', '20170906'),
		  ('U3987', 'GESTOR EN INTERFACES UI UX', '763', '20190216'),
		  ('A9344', 'GESTOR EN APPS MOVILES', '943', '20201204'),
		  ('P3462', 'BACHILLER EN PROGRAMACION', '080', '20210316'),
		  ('A3847', 'MASTER EN DESARROLO AI', '145', '20210116'),
		  ('T8322', 'GESTOR EN TELECOMUNICACIONES', '453', '20180506'),
		  ('S7364', 'LICENCIADO EN SISTEMAS', '343', '20190408'),
		  ('N8374', 'BACHILLER GESTOR DE NUBE', '938', '20220219');

SELECT * FROM CERTIFICACIONES

----------------------------------------------------------------------------------------
--INSERTA EN PORFESORES_CERTIFICADOS
INSERT INTO PROFESORES_CERTIFICADOS(ID_PROFESOR_CERTIFICADO, ID_PROFESOR, ID_CERTIFICADO)
	VALUES('PC1', 'PRO-JVQ34', 'S9873'),
		  ('PC2', 'PRO-YJG43', 'P4562'),
		  ('PC3', 'PRO-LHC66', 'B3459'),
		  ('PC4', 'PRO-HSL89', 'U3987'),
		  ('PC5', 'PRO-MAA99', 'A9344'),
		  ('PC6', 'PRO-MAA99', 'P3462'),
		  ('PC7', 'PRO-MAA99', 'A3847'),
		  ('PC8', 'PRO-KMZ22', 'T8322'),
		  ('PC9', 'PRO-PVL93', 'S7364'),
		  ('PC10', 'PRO-CMC34', 'N8374')

SELECT * FROM PROFESORES_CERTIFICADOS
----------------------------------------------------------------------------------------
--INSERTA DATOS EN CARRERAS
INSERT INTO CARRERAS(ID_CARRERA, NOMBRE, GRADO, DESCRIPCION, TOTAL_CREDITOS, BORRADO_C)
	VALUES('PRO_DIMO', 'PROGRAMACION DE DISPOSITVOS MOVILES', 'LICENCIATURA', 'SIN DESCRIPCION', 58, 0),
		  ('PRO_SIES', 'PROGRAMACION DE SISTEMAS DE ESCRITORIO', 'BACHILLERATO', 'SIN DESCRIPCION', 49, 0),
		  ('PRO_PAWE', 'PROGRAMACION DE PAGINAS WEB', 'BACHILLERATO', 'SIN DESCRIPCION', 70, 0),
		  ('DES_UIUX', 'DESARROLLO DE INTERFACES UI-UX', 'BACHILLERATO', 'SIN DESCRIPCION', 55, 0),
		  ('DES_INAR', 'DESARROLLO DE INTELIGENCIAS ARTICIALES', 'MAESTRÍA', 'SIN DESCRIPCION', 102, 0),
		  ('PRO_SINU', 'PROGRAMACION SISTEMAS EN LA NUBE', 'DIPLOMADO', 'SIN DESCRIPCION', 143, 0),
		  ('DES_SITE', 'DESARROLLO DE SISTEMAS TELEMATICOS', 'LICENCIATURA', 'SIN DESCRIPCION', 95, 0),
		  ('PRO_SIPY', 'PROGRAMACION SISTEMAS EN PYTHON', 'BACHILLERATO', 'SIN DESCRIPCION', 201, 0),
		  ('TEC_PRVI', 'TÉCNICO DE PRODUCCIÓN DE VIDEO', 'BACHILLERATO', 'SIN DESCRIPCION', 102, 0),
		  ('DIS_AN3D', 'DISENO EN ANIMACION 3D', 'DIPLOMADO', 'SIN DESCRIPCION', 345, 0);

SELECT * FROM CARRERAS

----------------------------------------------------------------------------------------
--INSERTA DATOS EN MATERIAS
INSERT INTO MATERIAS(ID_MATERIA, ID_CARRERA, ID_PROFESOR_CERTIFICADO, NOMBRE, HORAS, COSTO, CREDITOS, REQUISITOS, DETALLES, ESTADO)
	VALUES('DIMO_A1', 'PRO_DIMO', 'PC1', 'PROGRAMACION ANDROID I', 120, 250000, 8, 'NO APLICA', 'SIN DETALLES', 'ABI'),
		  ('DIMO_A2', 'PRO_DIMO', 'PC2', 'PROGRAMACION ANDROID II', 110, 240000, 9, 'DIMO_A1', 'SIN DETALLES', 'ABI'),
		  ('DIMO_A3', 'PRO_DIMO', 'PC2', 'PROGRAMACION ANDROID III', 100, 220000, 9, 'DIMO_A2', 'SIN DETALLES', 'CER'),
		  ('DIMO_AM', 'PRO_DIMO', 'PC3', 'PROGRAMACION APLICACIONES MIXTAS', 100, 220000, 9, 'DIMO_A3', 'SIN DETALLES', 'ABI'),

		  ('SIES_LC', 'PRO_SIES', 'PC5', 'LOGICA COMPUTACIONAL', 140, 225000, 9, 'NO APLICA', 'SIN DETALLES', 'ABI'),
		  ('SIES_IJ', 'PRO_SIES', 'PC5', 'INTRODUCCION A JAVA', 150, 335000, 7, 'SIES_LC', 'SIN DETALLES', 'ABI'),
		  ('SIES_OO', 'PRO_SIES', 'PC5', 'PROGRAMACION ORIENTADA A OBJETOS', 160, 355000, 8, 'SIES_IC', 'SIN DETALLES', 'ABI'),

		  ('PAWE_HT', 'PRO_PAWE', 'PC9', 'HTML', 90, 185000, 6, 'NO APLICA', 'SIN DETALLES', 'ABI'),
		  ('PAWE_CS', 'PRO_PAWE', 'PC8', 'CSS', 60, 175000, 7, 'PAWE_HT', 'SIN DETALLES', 'ABI'),
		  ('PAWE_JS', 'PRO_PAWE', 'PC9', 'JAVASCRIPT', 70, 190000, 8, 'PAWE_CS', 'SIN DETALLES', 'ABI'),
		  ('PAWE_BS', 'PRO_PAWE', 'PC6', 'BOOTSTRAP', 90, 185000, 9, 'PAWE_JS', 'SIN DETALLES', 'ABI'),
		  ('PAWE_NJ', 'PRO_PAWE', 'PC1', 'NODE JS', 90, 185000, 9, 'PAWE_BS', 'SIN DETALLES', 'ABI');

SELECT * FROM MATERIAS

----------------------------------------------------------------------------------------
--INSERTA DATOS EN MATERIAS_DISPONIBLES
INSERT INTO MATERIAS_DISPONIBLES(ID_MATERIA_ABIERTA, ID_MATERIA)
	VALUES('A_DIMO_A1','DIMO_A1'),
		  ('A_DIMO_A2','DIMO_A2'),
		  ('A_DIMO_AM','DIMO_AM'),

		  ('A_SIES_LC','SIES_LC'),
		  ('A_SIES_IJ','SIES_IJ'),
		  ('A_SIES_OO','SIES_OO'),

		  ('A_PAWE_HT','PAWE_HT'),
		  ('A_PAWE_CS','PAWE_CS'),
		  ('A_PAWE_JS','PAWE_JS'),
		  ('A_PAWE_BS','PAWE_BS');

SELECT * FROM MATERIAS_DISPONIBLES
----------------------------------------------------------------------------------------
--INSERTA DATOS EN LABORATORIOS
INSERT INTO LABORATORIOS(ID_LABORATORIO, PABELLON, CANTIDAD_LAPTOPS, CANTIDAD_ESCRITORIOS, CANTIDAD_SILLAS)
	VALUES('LAB01-01', 1, 19, 17, 19),
		  ('LAB01-02', 1, 19, 17, 20),
		  ('LAB02-01', 2, 20, 20, 20),
		  ('LAB03-01', 3, 15, 15, 15),
		  ('LAB03-02', 3, 12, 18, 20),
		  ('LAB03-03', 3, 22, 22, 22),
		  ('LAB04-01', 4, 18, 19, 18),
		  ('LAB04-02', 4, 17, 16, 18),
		  ('LAB05-01', 5, 20, 20, 20),
		  ('LAB05-02', 5, 22, 22, 22);

SELECT * FROM LABORATORIOS

----------------------------------------------------------------------------------------
--INSERTA DATOS EN GRUPOS
INSERT INTO GRUPOS(ID_GRUPO, ID_MATERIA_ABIERTA, ID_LABORATORIO, CUPO)
	VALUES('G1_DIMOA1', 'A_DIMO_A1', 'LAB01-01', 18),
		  ('G2_DIMOA2', 'A_DIMO_A1', 'LAB01-02', 20),
		  ('G1_DIMOA2', 'A_DIMO_A2', 'LAB02-01', 15),
		  ('G1_DIMOAM', 'A_DIMO_AM', 'LAB03-01', 22),

		  ('G1_SIESLC', 'A_SIES_LC', 'LAB03-02', 20),
		  ('G1_SIESIJ', 'A_SIES_IJ', 'LAB03-03', 20),
		  ('G1_SIESOO', 'A_SIES_OO', 'LAB04-01', 25),

		  ('G1_PAWEHT', 'A_PAWE_HT', 'LAB04-02', 20),
		  ('G1_PAWECS', 'A_PAWE_CS', 'LAB05-01', 25),
		  ('G1_PAWEBS', 'A_PAWE_BS', 'LAB05-02', 22);

SELECT * FROM GRUPOS

----------------------------------------------------------------------------------------
--INSERTA DATOS EN HORARIOS
INSERT INTO HORARIOS(ID_GRUPO, DIA, HORAINICIO, HORAFIN, F_INICIO)
	VALUES('G1_DIMOA1', 'L', '7:00', '11:00', '20230304'),
		  ('G1_DIMOA1', 'J', '13:00', '16:00', '20230228'),

		  ('G1_DIMOA2', 'K', '8:00', '12:00', '20230215'),
		  ('G1_DIMOAM', 'J', '13:00', '18:00', '20230210'),

		  ('G1_SIESLC', 'L', '8:00', '14:00', '20230314'),
		  ('G1_SIESLC', 'V', '7:00', '11:00', '20230220'),

		  ('G1_SIESIJ', 'M', '14:00', '18:00', '20230308'),
		  ('G1_SIESOO', 'K', '9:00', '15:00', '20230227'),

		  ('G1_PAWEHT', 'L', '14:00', '18:00', '20230312'),
		  ('G1_PAWECS', 'V', '9:00', '14:00', '20230320');

SELECT * FROM HORARIOS

----------------------------------------------------------------------------------------
--INSERTA DATOS EN FERIADOS
INSERT INTO FERIADOS(ID_GRUPO, FECHA)
	VALUES('G1_DIMOA1', '20230101'),
		  ('G1_DIMOA1', '20230402'),
		  ('G1_DIMOA2', '20230408'),
		  ('G1_DIMOA2', '20230406'),
		  ('G1_DIMOAM', '20230407'),
		  ('G1_SIESLC', '20230911'),
		  ('G1_SIESIJ', '20230525'),
		  ('G1_SIESIJ', '20230802'),
		  ('G1_SIESOO', '20230814'),
		  ('G1_PAWEHT', '20230915');

SELECT * FROM FERIADOS

----------------------------------------------------------------------------------------
--INSERTA DATOS EN MATRICULAS
INSERT INTO MATRICULAS(ID_COMPROBANTE, ID_ESTUDIANTE, ID_MATERIA_ABIERTA, NOTAPONDERADA, DESCUENTO, DETALLES)
	VALUES('C1', 'JPM0765', 'A_DIMO_A1', 79.5, 1, 'SIN DETALLES'),
		  ('C2', 'MCA0123', 'A_DIMO_A2', 92.3, 3, 'SIN DETALLES'),
		  ('C3', 'AML0980', 'A_DIMO_AM', 88.6, 3, 'SIN DETALLES'),
		  ('C4', 'AML0980', 'A_SIES_LC', 88.6, 3, 'SIN DETALLES'),
		  ('C5', 'CSC0300', 'A_SIES_IJ', 91.3, 3, 'SIN DETALLES'),
		  ('C6', 'NFE0890', 'A_PAWE_HT', 96.8, 5, 'SIN DEATLLES'),
		  ('C7', 'KGH0321', 'A_PAWE_CS', 85.2, 3, 'SIN DETALLES'),
		  ('C8', 'PHV0812', 'A_PAWE_CS', 69.7, 0, 'SIN DETALLES'),
		  ('C9', 'CQB0607', 'A_PAWE_BS', 97.6, 5, 'SIN DETALLES'),
		  ('C10', 'APM0754', 'A_PAWE_JS', 70.2, 0, 'SIN DETALLES');

SELECT * FROM MATRICULAS

----------------------------------------------------------------------------------------
--INSERTA DATOS EN FACTURAS
INSERT INTO FACTURAS(ID_FACTURA, ID_COMPROBANTE, MONTOTOTAL, DETALLES)
	VALUES('F0122', 'C1', 335000, 'BECADO, CON DESCUENTO'),
		  ('F3647', 'C1', 145000, 'BECADO, CON DESCUENTO'),
		  ('F2387', 'C2', 285000, 'BECADO, CON DESCUENTO'),
		  ('F2376', 'C3', 190000, 'NO BECADO, SIN DESCUENTO'),
		  ('F7634', 'C4', 310000, 'BECADO, CON DESCUENTO'),
		  ('F1213', 'C5', 156000, 'BECADO, CON DESCUENTO'),
		  ('F2324', 'C6', 129000, 'NO BECADO, SIN DESCUENTO'),
		  ('F9820', 'C7', 199000, 'NO BECADO, SIN DESCUENTO'),
		  ('F9273', 'C8', 245000, 'BECADO, CON DESCUENTO'),
		  ('F2653', 'C9', 160800, 'BECADO, CON DESCUENTO');

SELECT * FROM FACTURAS

----------------------------------------------------------------------------------------
--INSERTA DATOS EN REGISTRO_NOTAS
INSERT INTO REGISTRO_NOTAS(ID_REGISTRO, ID_COMPROBANTE, ID_MATERIA, CALIFICACION, PROMEDIO )
	VALUES('N-01', 'C1', 'DIMO_A1', 81.3, 82.4),
		  ('N-02', 'C2', 'DIMO_A2', 90.4, 88.4),
		  ('N-03', 'C3', 'DIMO_AM', 76, 75.1),
		  ('N-04', 'C4', 'SIES_LC', 88.3, 87.5),
		  ('N-05', 'C5', 'SIES_OO', 79, 7.3),
		  ('N-06', 'C6', 'PAWE_HT', 56.8, 54.2),
		  ('N-07', 'C7', 'PAWE_BS', 23.6, 21.8),
		  ('N-08', 'C8', 'PAWE_NJ', 90, 89.4),
		  ('N-09', 'C9', 'PAWE_CS', 98.4, 97.3),
		  ('N-10', 'C4', 'DIMO_AM', 69.6, 66.5);

SELECT * FROM REGISTRO_NOTAS
